family,file,variables,clauses,solver,result,time,rank
medium_suite,easy_3sat_v010_c0042.cnf,10,42,DPLL,SAT,0.0002,2
medium_suite,easy_3sat_v010_c0042.cnf,10,42,CDCL,SAT,0.0001,1
medium_suite,easy_3sat_v010_c0042.cnf,10,42,CoBD-SAT,SAT,0.0004,4
medium_suite,easy_3sat_v010_c0042.cnf,10,42,BB-CDCL,SAT,0.0099,6
medium_suite,easy_3sat_v010_c0042.cnf,10,42,LA-CDCL,SAT,0.0015,5
medium_suite,easy_3sat_v010_c0042.cnf,10,42,CGPM-SAT,SAT,0.0004,3
medium_suite,easy_3sat_v012_c0050.cnf,12,50,DPLL,UNSAT,0.0003,1
medium_suite,easy_3sat_v012_c0050.cnf,12,50,CDCL,TIMEOUT,30.0000,-1
medium_suite,easy_3sat_v012_c0050.cnf,12,50,CoBD-SAT,UNSAT,0.0008,3
medium_suite,easy_3sat_v012_c0050.cnf,12,50,BB-CDCL,UNSAT,0.0003,2
medium_suite,easy_3sat_v012_c0050.cnf,12,50,LA-CDCL,UNSAT,0.0019,5
medium_suite,easy_3sat_v012_c0050.cnf,12,50,CGPM-SAT,UNSAT,0.0008,4
medium_suite,easy_3sat_v014_c0058.cnf,14,58,DPLL,UNSAT,0.0009,1
medium_suite,easy_3sat_v014_c0058.cnf,14,58,CDCL,UNSAT,0.1505,6
medium_suite,easy_3sat_v014_c0058.cnf,14,58,CoBD-SAT,UNSAT,0.0015,3
medium_suite,easy_3sat_v014_c0058.cnf,14,58,BB-CDCL,UNSAT,0.0009,2
medium_suite,easy_3sat_v014_c0058.cnf,14,58,LA-CDCL,UNSAT,0.0069,5
medium_suite,easy_3sat_v014_c0058.cnf,14,58,CGPM-SAT,UNSAT,0.0017,4
medium_suite,easy_3sat_v016_c0067.cnf,16,67,DPLL,UNSAT,0.0010,1
medium_suite,easy_3sat_v016_c0067.cnf,16,67,CDCL,UNSAT,0.0196,6
medium_suite,easy_3sat_v016_c0067.cnf,16,67,CoBD-SAT,UNSAT,0.0016,3
medium_suite,easy_3sat_v016_c0067.cnf,16,67,BB-CDCL,UNSAT,0.0010,2
medium_suite,easy_3sat_v016_c0067.cnf,16,67,LA-CDCL,UNSAT,0.0032,5
medium_suite,easy_3sat_v016_c0067.cnf,16,67,CGPM-SAT,UNSAT,0.0022,4
medium_suite,easy_3sat_v018_c0075.cnf,18,75,DPLL,SAT,0.0015,2
medium_suite,easy_3sat_v018_c0075.cnf,18,75,CDCL,TIMEOUT,30.0000,-1
medium_suite,easy_3sat_v018_c0075.cnf,18,75,CoBD-SAT,SAT,0.0024,3
medium_suite,easy_3sat_v018_c0075.cnf,18,75,BB-CDCL,SAT,0.1695,5
medium_suite,easy_3sat_v018_c0075.cnf,18,75,LA-CDCL,SAT,0.0030,4
medium_suite,easy_3sat_v018_c0075.cnf,18,75,CGPM-SAT,SAT,0.0012,1
medium_suite,easy_3sat_v020_c0084.cnf,20,84,DPLL,SAT,0.0024,2
medium_suite,easy_3sat_v020_c0084.cnf,20,84,CDCL,UNSAT,0.3207,6
medium_suite,easy_3sat_v020_c0084.cnf,20,84,CoBD-SAT,SAT,0.0032,3
medium_suite,easy_3sat_v020_c0084.cnf,20,84,BB-CDCL,SAT,0.1605,5
medium_suite,easy_3sat_v020_c0084.cnf,20,84,LA-CDCL,SAT,0.0041,4
medium_suite,easy_3sat_v020_c0084.cnf,20,84,CGPM-SAT,SAT,0.0016,1
medium_suite,easy_3sat_v022_c0092.cnf,22,92,DPLL,UNSAT,0.0042,1
medium_suite,easy_3sat_v022_c0092.cnf,22,92,CDCL,UNSAT,2.0561,6
medium_suite,easy_3sat_v022_c0092.cnf,22,92,CoBD-SAT,UNSAT,0.0055,4
medium_suite,easy_3sat_v022_c0092.cnf,22,92,BB-CDCL,UNSAT,0.0043,2
medium_suite,easy_3sat_v022_c0092.cnf,22,92,LA-CDCL,UNSAT,0.0110,5
medium_suite,easy_3sat_v022_c0092.cnf,22,92,CGPM-SAT,UNSAT,0.0044,3
medium_suite,easy_3sat_v024_c0100.cnf,24,100,DPLL,SAT,0.0007,1
medium_suite,easy_3sat_v024_c0100.cnf,24,100,CDCL,SAT,0.1667,5
medium_suite,easy_3sat_v024_c0100.cnf,24,100,CoBD-SAT,SAT,0.0026,3
medium_suite,easy_3sat_v024_c0100.cnf,24,100,BB-CDCL,SAT,0.2049,6
medium_suite,easy_3sat_v024_c0100.cnf,24,100,LA-CDCL,SAT,0.0123,4
medium_suite,easy_3sat_v024_c0100.cnf,24,100,CGPM-SAT,SAT,0.0020,2
medium_suite,easy_3sat_v026_c0109.cnf,26,109,DPLL,UNSAT,0.0052,1
medium_suite,easy_3sat_v026_c0109.cnf,26,109,CDCL,UNSAT,0.8564,6
medium_suite,easy_3sat_v026_c0109.cnf,26,109,CoBD-SAT,UNSAT,0.0075,4
medium_suite,easy_3sat_v026_c0109.cnf,26,109,BB-CDCL,UNSAT,0.0052,2
medium_suite,easy_3sat_v026_c0109.cnf,26,109,LA-CDCL,UNSAT,0.0189,5
medium_suite,easy_3sat_v026_c0109.cnf,26,109,CGPM-SAT,UNSAT,0.0056,3
medium_suite,easy_3sat_v028_c0117.cnf,28,117,DPLL,SAT,0.0174,3
medium_suite,easy_3sat_v028_c0117.cnf,28,117,CDCL,TIMEOUT,30.0000,-1
medium_suite,easy_3sat_v028_c0117.cnf,28,117,CoBD-SAT,SAT,0.0194,4
medium_suite,easy_3sat_v028_c0117.cnf,28,117,BB-CDCL,SAT,0.2368,5
medium_suite,easy_3sat_v028_c0117.cnf,28,117,LA-CDCL,SAT,0.0142,2
medium_suite,easy_3sat_v028_c0117.cnf,28,117,CGPM-SAT,SAT,0.0137,1
medium_suite,easy_3sat_v030_c0126.cnf,30,126,DPLL,SAT,0.0011,1
medium_suite,easy_3sat_v030_c0126.cnf,30,126,CDCL,SAT,0.0779,5
medium_suite,easy_3sat_v030_c0126.cnf,30,126,CoBD-SAT,SAT,0.0039,3
medium_suite,easy_3sat_v030_c0126.cnf,30,126,BB-CDCL,SAT,0.3498,6
medium_suite,easy_3sat_v030_c0126.cnf,30,126,LA-CDCL,SAT,0.0080,4
medium_suite,easy_3sat_v030_c0126.cnf,30,126,CGPM-SAT,SAT,0.0034,2
medium_suite,hard_3sat_v090_c0384.cnf,90,384,DPLL,SAT,0.9962,2
medium_suite,hard_3sat_v090_c0384.cnf,90,384,CDCL,TIMEOUT,30.0000,-1
medium_suite,hard_3sat_v090_c0384.cnf,90,384,CoBD-SAT,SAT,1.0607,3
medium_suite,hard_3sat_v090_c0384.cnf,90,384,BB-CDCL,TIMEOUT,30.0000,-1
medium_suite,hard_3sat_v090_c0384.cnf,90,384,LA-CDCL,SAT,2.6737,4
medium_suite,hard_3sat_v090_c0384.cnf,90,384,CGPM-SAT,SAT,0.8225,1
medium_suite,hard_3sat_v093_c0397.cnf,93,397,DPLL,SAT,10.7867,2
medium_suite,hard_3sat_v093_c0397.cnf,93,397,CDCL,TIMEOUT,30.0000,-1
medium_suite,hard_3sat_v093_c0397.cnf,93,397,CoBD-SAT,SAT,10.8735,3
medium_suite,hard_3sat_v093_c0397.cnf,93,397,BB-CDCL,TIMEOUT,30.0000,-1
medium_suite,hard_3sat_v093_c0397.cnf,93,397,LA-CDCL,TIMEOUT,30.0000,-1
medium_suite,hard_3sat_v093_c0397.cnf,93,397,CGPM-SAT,SAT,0.7480,1
medium_suite,hard_3sat_v096_c0409.cnf,96,409,DPLL,TIMEOUT,30.0000,-1
medium_suite,hard_3sat_v096_c0409.cnf,96,409,CDCL,TIMEOUT,30.0000,-1
medium_suite,hard_3sat_v096_c0409.cnf,96,409,CoBD-SAT,TIMEOUT,30.0000,-1
medium_suite,hard_3sat_v096_c0409.cnf,96,409,BB-CDCL,TIMEOUT,30.0000,-1
medium_suite,hard_3sat_v096_c0409.cnf,96,409,LA-CDCL,TIMEOUT,30.0000,-1
medium_suite,hard_3sat_v096_c0409.cnf,96,409,CGPM-SAT,UNSAT,3.9783,1
medium_suite,hard_3sat_v099_c0422.cnf,99,422,DPLL,SAT,28.4766,3
medium_suite,hard_3sat_v099_c0422.cnf,99,422,CDCL,TIMEOUT,30.0000,-1
medium_suite,hard_3sat_v099_c0422.cnf,99,422,CoBD-SAT,SAT,28.4132,2
medium_suite,hard_3sat_v099_c0422.cnf,99,422,BB-CDCL,TIMEOUT,30.0000,-1
medium_suite,hard_3sat_v099_c0422.cnf,99,422,LA-CDCL,TIMEOUT,30.0000,-1
medium_suite,hard_3sat_v099_c0422.cnf,99,422,CGPM-SAT,SAT,1.4183,1
medium_suite,hard_3sat_v102_c0435.cnf,102,435,DPLL,TIMEOUT,30.0000,-1
medium_suite,hard_3sat_v102_c0435.cnf,102,435,CDCL,TIMEOUT,30.0000,-1
medium_suite,hard_3sat_v102_c0435.cnf,102,435,CoBD-SAT,TIMEOUT,30.0000,-1
medium_suite,hard_3sat_v102_c0435.cnf,102,435,BB-CDCL,TIMEOUT,30.0000,-1
medium_suite,hard_3sat_v102_c0435.cnf,102,435,LA-CDCL,TIMEOUT,30.0000,-1
medium_suite,hard_3sat_v102_c0435.cnf,102,435,CGPM-SAT,UNSAT,4.3292,1
medium_suite,hard_3sat_v105_c0448.cnf,105,448,DPLL,SAT,3.4567,3
medium_suite,hard_3sat_v105_c0448.cnf,105,448,CDCL,TIMEOUT,30.0000,-1
medium_suite,hard_3sat_v105_c0448.cnf,105,448,CoBD-SAT,SAT,3.4810,4
medium_suite,hard_3sat_v105_c0448.cnf,105,448,BB-CDCL,SAT,24.5844,5
medium_suite,hard_3sat_v105_c0448.cnf,105,448,LA-CDCL,SAT,0.3047,2
medium_suite,hard_3sat_v105_c0448.cnf,105,448,CGPM-SAT,SAT,0.1440,1
medium_suite,hard_3sat_v108_c0461.cnf,108,461,DPLL,TIMEOUT,30.0000,-1
medium_suite,hard_3sat_v108_c0461.cnf,108,461,CDCL,TIMEOUT,30.0000,-1
medium_suite,hard_3sat_v108_c0461.cnf,108,461,CoBD-SAT,TIMEOUT,30.0000,-1
medium_suite,hard_3sat_v108_c0461.cnf,108,461,BB-CDCL,TIMEOUT,30.0000,-1
medium_suite,hard_3sat_v108_c0461.cnf,108,461,LA-CDCL,SAT,0.2148,1
medium_suite,hard_3sat_v108_c0461.cnf,108,461,CGPM-SAT,SAT,10.5277,2
medium_suite,hard_3sat_v111_c0473.cnf,111,473,DPLL,SAT,1.9006,3
medium_suite,hard_3sat_v111_c0473.cnf,111,473,CDCL,TIMEOUT,30.0000,-1
medium_suite,hard_3sat_v111_c0473.cnf,111,473,CoBD-SAT,SAT,1.9383,4
medium_suite,hard_3sat_v111_c0473.cnf,111,473,BB-CDCL,SAT,11.9630,5
medium_suite,hard_3sat_v111_c0473.cnf,111,473,LA-CDCL,SAT,0.4779,2
medium_suite,hard_3sat_v111_c0473.cnf,111,473,CGPM-SAT,SAT,0.0522,1
medium_suite,hard_3sat_v114_c0486.cnf,114,486,DPLL,TIMEOUT,30.0000,-1
medium_suite,hard_3sat_v114_c0486.cnf,114,486,CDCL,TIMEOUT,30.0000,-1
medium_suite,hard_3sat_v114_c0486.cnf,114,486,CoBD-SAT,TIMEOUT,30.0000,-1
medium_suite,hard_3sat_v114_c0486.cnf,114,486,BB-CDCL,SAT,18.1236,3
medium_suite,hard_3sat_v114_c0486.cnf,114,486,LA-CDCL,SAT,1.2913,1
medium_suite,hard_3sat_v114_c0486.cnf,114,486,CGPM-SAT,SAT,1.7931,2
medium_suite,hard_3sat_v117_c0499.cnf,117,499,DPLL,TIMEOUT,30.0000,-1
medium_suite,hard_3sat_v117_c0499.cnf,117,499,CDCL,TIMEOUT,30.0000,-1
medium_suite,hard_3sat_v117_c0499.cnf,117,499,CoBD-SAT,TIMEOUT,30.0000,-1
medium_suite,hard_3sat_v117_c0499.cnf,117,499,BB-CDCL,TIMEOUT,30.0000,-1
medium_suite,hard_3sat_v117_c0499.cnf,117,499,LA-CDCL,TIMEOUT,30.0000,-1
medium_suite,hard_3sat_v117_c0499.cnf,117,499,CGPM-SAT,UNSAT,11.3707,1
medium_suite,hard_3sat_v120_c0512.cnf,120,512,DPLL,TIMEOUT,30.0000,-1
medium_suite,hard_3sat_v120_c0512.cnf,120,512,CDCL,TIMEOUT,30.0000,-1
medium_suite,hard_3sat_v120_c0512.cnf,120,512,CoBD-SAT,TIMEOUT,30.0000,-1
medium_suite,hard_3sat_v120_c0512.cnf,120,512,BB-CDCL,SAT,29.3074,2
medium_suite,hard_3sat_v120_c0512.cnf,120,512,LA-CDCL,TIMEOUT,30.0000,-1
medium_suite,hard_3sat_v120_c0512.cnf,120,512,CGPM-SAT,SAT,7.8127,1
medium_suite,medium_3sat_v040_c0170.cnf,40,170,DPLL,SAT,0.0184,3
medium_suite,medium_3sat_v040_c0170.cnf,40,170,CDCL,SAT,0.1509,5
medium_suite,medium_3sat_v040_c0170.cnf,40,170,CoBD-SAT,SAT,0.0234,4
medium_suite,medium_3sat_v040_c0170.cnf,40,170,BB-CDCL,SAT,2.0270,6
medium_suite,medium_3sat_v040_c0170.cnf,40,170,LA-CDCL,SAT,0.0143,1
medium_suite,medium_3sat_v040_c0170.cnf,40,170,CGPM-SAT,SAT,0.0156,2
medium_suite,medium_3sat_v042_c0178.cnf,42,178,DPLL,SAT,0.0419,2
medium_suite,medium_3sat_v042_c0178.cnf,42,178,CDCL,TIMEOUT,30.0000,-1
medium_suite,medium_3sat_v042_c0178.cnf,42,178,CoBD-SAT,SAT,0.0466,3
medium_suite,medium_3sat_v042_c0178.cnf,42,178,BB-CDCL,SAT,3.9425,5
medium_suite,medium_3sat_v042_c0178.cnf,42,178,LA-CDCL,SAT,0.0706,4
medium_suite,medium_3sat_v042_c0178.cnf,42,178,CGPM-SAT,SAT,0.0123,1
medium_suite,medium_3sat_v044_c0187.cnf,44,187,DPLL,SAT,0.0059,1
medium_suite,medium_3sat_v044_c0187.cnf,44,187,CDCL,SAT,0.0155,4
medium_suite,medium_3sat_v044_c0187.cnf,44,187,CoBD-SAT,SAT,0.0103,3
medium_suite,medium_3sat_v044_c0187.cnf,44,187,BB-CDCL,SAT,0.4137,6
medium_suite,medium_3sat_v044_c0187.cnf,44,187,LA-CDCL,SAT,0.0184,5
medium_suite,medium_3sat_v044_c0187.cnf,44,187,CGPM-SAT,SAT,0.0081,2
medium_suite,medium_3sat_v046_c0195.cnf,46,195,DPLL,SAT,0.0833,3
medium_suite,medium_3sat_v046_c0195.cnf,46,195,CDCL,TIMEOUT,30.0000,-1
medium_suite,medium_3sat_v046_c0195.cnf,46,195,CoBD-SAT,SAT,0.0881,4
medium_suite,medium_3sat_v046_c0195.cnf,46,195,BB-CDCL,SAT,1.3100,5
medium_suite,medium_3sat_v046_c0195.cnf,46,195,LA-CDCL,SAT,0.0542,2
medium_suite,medium_3sat_v046_c0195.cnf,46,195,CGPM-SAT,SAT,0.0264,1
medium_suite,medium_3sat_v048_c0204.cnf,48,204,DPLL,SAT,0.0762,1
medium_suite,medium_3sat_v048_c0204.cnf,48,204,CDCL,SAT,1.8855,5
medium_suite,medium_3sat_v048_c0204.cnf,48,204,CoBD-SAT,SAT,0.0873,2
medium_suite,medium_3sat_v048_c0204.cnf,48,204,BB-CDCL,SAT,5.2885,6
medium_suite,medium_3sat_v048_c0204.cnf,48,204,LA-CDCL,SAT,0.1415,4
medium_suite,medium_3sat_v048_c0204.cnf,48,204,CGPM-SAT,SAT,0.1294,3
medium_suite,medium_3sat_v050_c0213.cnf,50,213,DPLL,SAT,0.0048,1
medium_suite,medium_3sat_v050_c0213.cnf,50,213,CDCL,TIMEOUT,30.0000,-1
medium_suite,medium_3sat_v050_c0213.cnf,50,213,CoBD-SAT,SAT,0.0134,3
medium_suite,medium_3sat_v050_c0213.cnf,50,213,BB-CDCL,SAT,4.4208,5
medium_suite,medium_3sat_v050_c0213.cnf,50,213,LA-CDCL,SAT,0.2276,4
medium_suite,medium_3sat_v050_c0213.cnf,50,213,CGPM-SAT,SAT,0.0108,2
medium_suite,medium_3sat_v052_c0221.cnf,52,221,DPLL,SAT,0.0413,2
medium_suite,medium_3sat_v052_c0221.cnf,52,221,CDCL,TIMEOUT,30.0000,-1
medium_suite,medium_3sat_v052_c0221.cnf,52,221,CoBD-SAT,SAT,0.0475,3
medium_suite,medium_3sat_v052_c0221.cnf,52,221,BB-CDCL,SAT,7.0983,5
medium_suite,medium_3sat_v052_c0221.cnf,52,221,LA-CDCL,SAT,0.0140,1
medium_suite,medium_3sat_v052_c0221.cnf,52,221,CGPM-SAT,SAT,0.0690,4
medium_suite,medium_3sat_v054_c0230.cnf,54,230,DPLL,SAT,0.0280,2
medium_suite,medium_3sat_v054_c0230.cnf,54,230,CDCL,SAT,1.5164,6
medium_suite,medium_3sat_v054_c0230.cnf,54,230,CoBD-SAT,SAT,0.0356,3
medium_suite,medium_3sat_v054_c0230.cnf,54,230,BB-CDCL,SAT,0.9939,5
medium_suite,medium_3sat_v054_c0230.cnf,54,230,LA-CDCL,SAT,0.0278,1
medium_suite,medium_3sat_v054_c0230.cnf,54,230,CGPM-SAT,SAT,0.0915,4
medium_suite,medium_3sat_v056_c0238.cnf,56,238,DPLL,SAT,0.0152,2
medium_suite,medium_3sat_v056_c0238.cnf,56,238,CDCL,SAT,2.9173,6
medium_suite,medium_3sat_v056_c0238.cnf,56,238,CoBD-SAT,SAT,0.0236,4
medium_suite,medium_3sat_v056_c0238.cnf,56,238,BB-CDCL,SAT,0.6641,5
medium_suite,medium_3sat_v056_c0238.cnf,56,238,LA-CDCL,SAT,0.0232,3
medium_suite,medium_3sat_v056_c0238.cnf,56,238,CGPM-SAT,SAT,0.0149,1
medium_suite,medium_3sat_v058_c0247.cnf,58,247,DPLL,SAT,0.3482,3
medium_suite,medium_3sat_v058_c0247.cnf,58,247,CDCL,TIMEOUT,30.0000,-1
medium_suite,medium_3sat_v058_c0247.cnf,58,247,CoBD-SAT,SAT,0.3633,4
medium_suite,medium_3sat_v058_c0247.cnf,58,247,BB-CDCL,SAT,5.4439,5
medium_suite,medium_3sat_v058_c0247.cnf,58,247,LA-CDCL,SAT,0.2624,2
medium_suite,medium_3sat_v058_c0247.cnf,58,247,CGPM-SAT,SAT,0.0733,1
medium_suite,medium_3sat_v060_c0255.cnf,60,255,DPLL,SAT,0.0431,2
medium_suite,medium_3sat_v060_c0255.cnf,60,255,CDCL,SAT,24.1862,6
medium_suite,medium_3sat_v060_c0255.cnf,60,255,CoBD-SAT,SAT,0.0509,3
medium_suite,medium_3sat_v060_c0255.cnf,60,255,BB-CDCL,SAT,2.9992,5
medium_suite,medium_3sat_v060_c0255.cnf,60,255,LA-CDCL,SAT,0.3043,4
medium_suite,medium_3sat_v060_c0255.cnf,60,255,CGPM-SAT,SAT,0.0106,1
medium_suite,medium_3sat_v062_c0264.cnf,62,264,DPLL,UNSAT,1.3820,4
medium_suite,medium_3sat_v062_c0264.cnf,62,264,CDCL,TIMEOUT,30.0000,-1
medium_suite,medium_3sat_v062_c0264.cnf,62,264,CoBD-SAT,UNSAT,1.3797,3
medium_suite,medium_3sat_v062_c0264.cnf,62,264,BB-CDCL,TIMEOUT,30.0000,-1
medium_suite,medium_3sat_v062_c0264.cnf,62,264,LA-CDCL,UNSAT,0.9490,2
medium_suite,medium_3sat_v062_c0264.cnf,62,264,CGPM-SAT,UNSAT,0.2853,1
medium_suite,medium_3sat_v064_c0272.cnf,64,272,DPLL,SAT,0.0669,1
medium_suite,medium_3sat_v064_c0272.cnf,64,272,CDCL,SAT,1.2451,5
medium_suite,medium_3sat_v064_c0272.cnf,64,272,CoBD-SAT,SAT,0.0806,2
medium_suite,medium_3sat_v064_c0272.cnf,64,272,BB-CDCL,SAT,5.8920,6
medium_suite,medium_3sat_v064_c0272.cnf,64,272,LA-CDCL,SAT,0.1417,3
medium_suite,medium_3sat_v064_c0272.cnf,64,272,CGPM-SAT,SAT,0.3728,4
medium_suite,medium_3sat_v066_c0281.cnf,66,281,DPLL,UNSAT,0.7450,2
medium_suite,medium_3sat_v066_c0281.cnf,66,281,CDCL,TIMEOUT,30.0000,-1
medium_suite,medium_3sat_v066_c0281.cnf,66,281,CoBD-SAT,UNSAT,0.7663,3
medium_suite,medium_3sat_v066_c0281.cnf,66,281,BB-CDCL,TIMEOUT,30.0000,-1
medium_suite,medium_3sat_v066_c0281.cnf,66,281,LA-CDCL,UNSAT,2.0333,4
medium_suite,medium_3sat_v066_c0281.cnf,66,281,CGPM-SAT,UNSAT,0.3534,1
medium_suite,medium_3sat_v068_c0289.cnf,68,289,DPLL,UNSAT,1.4689,2
medium_suite,medium_3sat_v068_c0289.cnf,68,289,CDCL,TIMEOUT,30.0000,-1
medium_suite,medium_3sat_v068_c0289.cnf,68,289,CoBD-SAT,UNSAT,1.4950,3
medium_suite,medium_3sat_v068_c0289.cnf,68,289,BB-CDCL,TIMEOUT,30.0000,-1
medium_suite,medium_3sat_v068_c0289.cnf,68,289,LA-CDCL,UNSAT,6.7813,4
medium_suite,medium_3sat_v068_c0289.cnf,68,289,CGPM-SAT,UNSAT,0.3666,1
medium_suite,medium_3sat_v070_c0298.cnf,70,298,DPLL,UNSAT,8.7902,3
medium_suite,medium_3sat_v070_c0298.cnf,70,298,CDCL,TIMEOUT,30.0000,-1
medium_suite,medium_3sat_v070_c0298.cnf,70,298,CoBD-SAT,UNSAT,8.7727,2
medium_suite,medium_3sat_v070_c0298.cnf,70,298,BB-CDCL,TIMEOUT,30.0000,-1
medium_suite,medium_3sat_v070_c0298.cnf,70,298,LA-CDCL,UNSAT,9.6877,4
medium_suite,medium_3sat_v070_c0298.cnf,70,298,CGPM-SAT,UNSAT,0.7726,1
medium_suite,medium_3sat_v072_c0306.cnf,72,306,DPLL,UNSAT,3.3607,3
medium_suite,medium_3sat_v072_c0306.cnf,72,306,CDCL,TIMEOUT,30.0000,-1
medium_suite,medium_3sat_v072_c0306.cnf,72,306,CoBD-SAT,UNSAT,3.3658,4
medium_suite,medium_3sat_v072_c0306.cnf,72,306,BB-CDCL,TIMEOUT,30.0000,-1
medium_suite,medium_3sat_v072_c0306.cnf,72,306,LA-CDCL,UNSAT,2.8104,2
medium_suite,medium_3sat_v072_c0306.cnf,72,306,CGPM-SAT,UNSAT,0.8687,1
medium_suite,medium_3sat_v074_c0315.cnf,74,315,DPLL,SAT,1.4064,2
medium_suite,medium_3sat_v074_c0315.cnf,74,315,CDCL,SAT,4.7187,5
medium_suite,medium_3sat_v074_c0315.cnf,74,315,CoBD-SAT,SAT,1.4407,3
medium_suite,medium_3sat_v074_c0315.cnf,74,315,BB-CDCL,SAT,21.1826,6
medium_suite,medium_3sat_v074_c0315.cnf,74,315,LA-CDCL,SAT,2.4769,4
medium_suite,medium_3sat_v074_c0315.cnf,74,315,CGPM-SAT,SAT,0.2328,1
medium_suite,medium_3sat_v076_c0323.cnf,76,323,DPLL,SAT,3.1221,4
medium_suite,medium_3sat_v076_c0323.cnf,76,323,CDCL,TIMEOUT,30.0000,-1
medium_suite,medium_3sat_v076_c0323.cnf,76,323,CoBD-SAT,SAT,3.1743,5
medium_suite,medium_3sat_v076_c0323.cnf,76,323,BB-CDCL,SAT,2.6649,3
medium_suite,medium_3sat_v076_c0323.cnf,76,323,LA-CDCL,SAT,0.0381,1
medium_suite,medium_3sat_v076_c0323.cnf,76,323,CGPM-SAT,SAT,0.2982,2
medium_suite,medium_3sat_v078_c0332.cnf,78,332,DPLL,SAT,0.8817,2
medium_suite,medium_3sat_v078_c0332.cnf,78,332,CDCL,TIMEOUT,30.0000,-1
medium_suite,medium_3sat_v078_c0332.cnf,78,332,CoBD-SAT,SAT,0.8889,3
medium_suite,medium_3sat_v078_c0332.cnf,78,332,BB-CDCL,TIMEOUT,30.0000,-1
medium_suite,medium_3sat_v078_c0332.cnf,78,332,LA-CDCL,SAT,4.1140,4
medium_suite,medium_3sat_v078_c0332.cnf,78,332,CGPM-SAT,SAT,0.4929,1
medium_suite,medium_3sat_v080_c0340.cnf,80,340,DPLL,SAT,5.7538,3
medium_suite,medium_3sat_v080_c0340.cnf,80,340,CDCL,TIMEOUT,30.0000,-1
medium_suite,medium_3sat_v080_c0340.cnf,80,340,CoBD-SAT,SAT,5.8154,4
medium_suite,medium_3sat_v080_c0340.cnf,80,340,BB-CDCL,TIMEOUT,30.0000,-1
medium_suite,medium_3sat_v080_c0340.cnf,80,340,LA-CDCL,SAT,4.3207,2
medium_suite,medium_3sat_v080_c0340.cnf,80,340,CGPM-SAT,SAT,1.1738,1
medium_suite,mixed_4sat_v030_c0135.cnf,30,135,DPLL,SAT,0.0009,1
medium_suite,mixed_4sat_v030_c0135.cnf,30,135,CDCL,SAT,0.0103,4
medium_suite,mixed_4sat_v030_c0135.cnf,30,135,CoBD-SAT,SAT,0.0049,3
medium_suite,mixed_4sat_v030_c0135.cnf,30,135,BB-CDCL,SAT,0.0628,6
medium_suite,mixed_4sat_v030_c0135.cnf,30,135,LA-CDCL,SAT,0.0145,5
medium_suite,mixed_4sat_v030_c0135.cnf,30,135,CGPM-SAT,SAT,0.0039,2
medium_suite,mixed_4sat_v040_c0192.cnf,40,192,DPLL,SAT,0.0014,1
medium_suite,mixed_4sat_v040_c0192.cnf,40,192,CDCL,SAT,0.0015,2
medium_suite,mixed_4sat_v040_c0192.cnf,40,192,CoBD-SAT,SAT,0.0079,4
medium_suite,mixed_4sat_v040_c0192.cnf,40,192,BB-CDCL,SAT,0.1219,6
medium_suite,mixed_4sat_v040_c0192.cnf,40,192,LA-CDCL,SAT,0.0230,5
medium_suite,mixed_4sat_v040_c0192.cnf,40,192,CGPM-SAT,SAT,0.0073,3
medium_suite,mixed_4sat_v060_c0270.cnf,60,270,DPLL,SAT,0.0068,1
medium_suite,mixed_4sat_v060_c0270.cnf,60,270,CDCL,SAT,0.0263,3
medium_suite,mixed_4sat_v060_c0270.cnf,60,270,CoBD-SAT,SAT,0.0268,4
medium_suite,mixed_4sat_v060_c0270.cnf,60,270,BB-CDCL,SAT,0.2328,6
medium_suite,mixed_4sat_v060_c0270.cnf,60,270,LA-CDCL,SAT,0.0366,5
medium_suite,mixed_4sat_v060_c0270.cnf,60,270,CGPM-SAT,SAT,0.0157,2
medium_suite,mixed_5sat_v050_c0260.cnf,50,260,DPLL,SAT,0.0026,1
medium_suite,mixed_5sat_v050_c0260.cnf,50,260,CDCL,SAT,0.0030,2
medium_suite,mixed_5sat_v050_c0260.cnf,50,260,CoBD-SAT,SAT,0.0171,4
medium_suite,mixed_5sat_v050_c0260.cnf,50,260,BB-CDCL,SAT,0.0890,6
medium_suite,mixed_5sat_v050_c0260.cnf,50,260,LA-CDCL,SAT,0.0385,5
medium_suite,mixed_5sat_v050_c0260.cnf,50,260,CGPM-SAT,SAT,0.0136,3
medium_suite,mixed_5sat_v070_c0350.cnf,70,350,DPLL,SAT,0.0048,1
medium_suite,mixed_5sat_v070_c0350.cnf,70,350,CDCL,SAT,0.0055,2
medium_suite,mixed_5sat_v070_c0350.cnf,70,350,CoBD-SAT,SAT,0.0308,4
medium_suite,mixed_5sat_v070_c0350.cnf,70,350,BB-CDCL,SAT,0.1570,6
medium_suite,mixed_5sat_v070_c0350.cnf,70,350,LA-CDCL,SAT,0.0615,5
medium_suite,mixed_5sat_v070_c0350.cnf,70,350,CGPM-SAT,SAT,0.0286,3
medium_suite,sat_known_v040.cnf,40,120,DPLL,SAT,0.0008,1
medium_suite,sat_known_v040.cnf,40,120,CDCL,SAT,0.0008,2
medium_suite,sat_known_v040.cnf,40,120,CoBD-SAT,SAT,0.0044,3
medium_suite,sat_known_v040.cnf,40,120,BB-CDCL,SAT,0.0736,6
medium_suite,sat_known_v040.cnf,40,120,LA-CDCL,SAT,0.0113,5
medium_suite,sat_known_v040.cnf,40,120,CGPM-SAT,SAT,0.0050,4
medium_suite,sat_known_v060.cnf,60,180,DPLL,SAT,0.0022,1
medium_suite,sat_known_v060.cnf,60,180,CDCL,SAT,0.1182,5
medium_suite,sat_known_v060.cnf,60,180,CoBD-SAT,SAT,0.0082,2
medium_suite,sat_known_v060.cnf,60,180,BB-CDCL,SAT,0.2596,6
medium_suite,sat_known_v060.cnf,60,180,LA-CDCL,SAT,0.0184,4
medium_suite,sat_known_v060.cnf,60,180,CGPM-SAT,SAT,0.0087,3
medium_suite,sat_known_v080.cnf,80,240,DPLL,SAT,0.0033,2
medium_suite,sat_known_v080.cnf,80,240,CDCL,SAT,0.0032,1
medium_suite,sat_known_v080.cnf,80,240,CoBD-SAT,SAT,0.0174,4
medium_suite,sat_known_v080.cnf,80,240,BB-CDCL,SAT,0.2295,6
medium_suite,sat_known_v080.cnf,80,240,LA-CDCL,SAT,0.0288,5
medium_suite,sat_known_v080.cnf,80,240,CGPM-SAT,SAT,0.0141,3
medium_suite,sat_known_v100.cnf,100,300,DPLL,SAT,0.0056,2
medium_suite,sat_known_v100.cnf,100,300,CDCL,SAT,0.0047,1
medium_suite,sat_known_v100.cnf,100,300,CoBD-SAT,SAT,0.0222,4
medium_suite,sat_known_v100.cnf,100,300,BB-CDCL,SAT,0.4156,6
medium_suite,sat_known_v100.cnf,100,300,LA-CDCL,SAT,0.0384,5
medium_suite,sat_known_v100.cnf,100,300,CGPM-SAT,SAT,0.0209,3
medium_suite,sat_known_v120.cnf,120,360,DPLL,SAT,0.0078,2
medium_suite,sat_known_v120.cnf,120,360,CDCL,SAT,0.0059,1
medium_suite,sat_known_v120.cnf,120,360,CoBD-SAT,SAT,0.0252,3
medium_suite,sat_known_v120.cnf,120,360,BB-CDCL,SAT,0.4790,6
medium_suite,sat_known_v120.cnf,120,360,LA-CDCL,SAT,0.0532,5
medium_suite,sat_known_v120.cnf,120,360,CGPM-SAT,SAT,0.0324,4
